{
    "1": {
        "ingredients": [
            "01",
            "12",
            "13"
        ],
        "comments": "",
        "ADandTIPS": null
    },
    "2": {
        "ingredients": [
            "04",
            "05",
            "06"
        ],
        "comments": "",
        "ADandTIPS": null
    },
    "3": {
        "ingredients": [],
        "comments": "じゃがいも",
        "ADandTIPS": null
    },
    "4": {
        "ingredients": [
            "07",
            "08"
        ],
        "comments": "",
        "ADandTIPS": null
    },
    "5": {
        "ingredients": [
            "01",
            "12",
            "13"
        ],
        "comments": "",
        "ADandTIPS": null
    },
    "6": {
        "ingredients": [
            "01",
            "02",
            "03",
            "04",
            "05",
            "06",
            "09",
            "10",
            "11"
        ],
        "comments": "",
        "ADandTIPS": null
    },
    "7": {
        "ingredients": [
            "01",
            "03",
            "04",
            "05",
            "06",
            "09",
            "10",
            "11"
        ],
        "comments": "じゃがいも",
        "ADandTIPS": null
    },
    "8": {
        "ingredients": [
            "01",
            "02",
            "03",
            "04",
            "05",
            "06",
            "07",
            "08",
            "09",
            "10",
            "11",
            "12",
            "13"
        ],
        "comments": "じゃがいも",
        "ADandTIPS": null
    },
    "9": {
        "ingredients": [
            "01",
            "02",
            "03",
            "04",
            "05",
            "06",
            "07",
            "08",
            "09",
            "10",
            "11",
            "12",
            "13"
        ],
        "comments": "じゃがいも",
        "ADandTIPS": null
    },
    "10": {
        "ingredients": [
            "01",
            "02",
            "03",
            "04",
            "05",
            "06",
            "07",
            "08",
            "09",
            "10",
            "11",
            "12",
            "13",
            "14"
        ],
        "comments": "柚子胡椒；じゃがいも",
        "ADandTIPS": null
    },
    "11": {
        "ingredients": [],
        "comments": "",
        "ADandTIPS": "on"
    }
}