{
    "1": {
        "ingredients": [
            "03",
            "17"
        ],
        "comments": "",
        "ADandTIPS": null
    },
    "2": {
        "ingredients": [
            "02",
            "03",
            "07",
            "17"
        ],
        "comments": "",
        "ADandTIPS": null
    },
    "3": {
        "ingredients": [
            "02",
            "03",
            "04",
            "07",
            "17"
        ],
        "comments": "",
        "ADandTIPS": null
    },
    "4": {
        "ingredients": [
            "02",
            "03",
            "04",
            "05",
            "06",
            "07",
            "17"
        ],
        "comments": "",
        "ADandTIPS": null
    },
    "5": {
        "ingredients": [
            "02",
            "03",
            "04",
            "05",
            "06",
            "07",
            "17"
        ],
        "comments": "",
        "ADandTIPS": null
    },
    "6": {
        "ingredients": [
            "02",
            "03",
            "04",
            "05",
            "06",
            "07",
            "08",
            "09",
            "16",
            "17"
        ],
        "comments": "",
        "ADandTIPS": null
    },
    "7": {
        "ingredients": [
            "01",
            "02",
            "03",
            "04",
            "05",
            "06",
            "07",
            "08",
            "09",
            "10",
            "11",
            "15",
            "16",
            "17"
        ],
        "comments": "湯；塩",
        "ADandTIPS": null
    },
    "8": {
        "ingredients": [
            "01",
            "02",
            "03",
            "04",
            "05",
            "06",
            "07",
            "08",
            "09",
            "10",
            "11",
            "12",
            "13",
            "14",
            "15",
            "16",
            "17"
        ],
        "comments": "湯；塩",
        "ADandTIPS": null
    },
    "9": {
        "ingredients": [],
        "comments": "",
        "ADandTIPS": "on"
    }
}