{
    "1": {
        "ingredients": [
            "01"
        ],
        "comments": "",
        "ADandTIPS": null
    },
    "2": {
        "ingredients": [
            "01"
        ],
        "comments": "",
        "ADandTIPS": null
    },
    "3": {
        "ingredients": [
            "01"
        ],
        "comments": "",
        "ADandTIPS": null
    },
    "4": {
        "ingredients": [
            "01"
        ],
        "comments": "",
        "ADandTIPS": null
    },
    "5": {
        "ingredients": [
            "01"
        ],
        "comments": "",
        "ADandTIPS": null
    },
    "6": {
        "ingredients": [
            "01",
            "06"
        ],
        "comments": "",
        "ADandTIPS": null
    },
    "7": {
        "ingredients": [
            "01"
        ],
        "comments": "",
        "ADandTIPS": null
    },
    "8": {
        "ingredients": [
            "01"
        ],
        "comments": "",
        "ADandTIPS": null
    },
    "9": {
        "ingredients": [
            "01"
        ],
        "comments": "",
        "ADandTIPS": null
    },
    "10": {
        "ingredients": [
            "01"
        ],
        "comments": "",
        "ADandTIPS": null
    },
    "11": {
        "ingredients": [
            "02"
        ],
        "comments": "",
        "ADandTIPS": null
    },
    "12": {
        "ingredients": [
            "02",
            "03",
            "04"
        ],
        "comments": "",
        "ADandTIPS": null
    },
    "13": {
        "ingredients": [
            "02",
            "03",
            "04"
        ],
        "comments": "",
        "ADandTIPS": null
    },
    "14": {
        "ingredients": [
            "01",
            "02",
            "03",
            "04",
            "05"
        ],
        "comments": "",
        "ADandTIPS": null
    },
    "15": {
        "ingredients": [],
        "comments": "",
        "ADandTIPS": "on"
    },
    "16": {
        "ingredients": [],
        "comments": "",
        "ADandTIPS": "on"
    },
    "17": {
        "ingredients": [],
        "comments": "",
        "ADandTIPS": "on"
    },
    "18": {
        "ingredients": [],
        "comments": "",
        "ADandTIPS": "on"
    },
    "19": {
        "ingredients": [],
        "comments": "",
        "ADandTIPS": "on"
    }
}