{
    "1": {
        "ingredients": [
            "03",
            "04",
            "05",
            "06",
            "07",
            "10"
        ],
        "comments": "",
        "ADandTIPS": null
    },
    "2": {
        "ingredients": [
            "02",
            "03",
            "04",
            "05",
            "06",
            "07",
            "08",
            "09",
            "10"
        ],
        "comments": "",
        "ADandTIPS": null
    },
    "3": {
        "ingredients": [
            "02",
            "03",
            "04",
            "05",
            "06",
            "07",
            "08",
            "09",
            "10",
            "12",
            "13",
            "14",
            "15"
        ],
        "comments": "",
        "ADandTIPS": null
    },
    "4": {
        "ingredients": [
            "02",
            "03",
            "04",
            "05",
            "06",
            "07",
            "08",
            "09",
            "10",
            "12",
            "13",
            "14",
            "15",
            "16"
        ],
        "comments": "",
        "ADandTIPS": null
    },
    "5": {
        "ingredients": [],
        "comments": "",
        "ADandTIPS": "on"
    }
}