{
    "1": {
        "ingredients": [
            "21"
        ],
        "comments": "バター",
        "ADandTIPS": null
    },
    "2": {
        "ingredients": [
            "21"
        ],
        "comments": "バター",
        "ADandTIPS": null
    },
    "3": {
        "ingredients": [],
        "comments": "",
        "ADandTIPS": "on"
    },
    "4": {
        "ingredients": [
            "16"
        ],
        "comments": "",
        "ADandTIPS": null
    },
    "5": {
        "ingredients": [
            "01",
            "10"
        ],
        "comments": "",
        "ADandTIPS": null
    },
    "6": {
        "ingredients": [
            "10"
        ],
        "comments": "",
        "ADandTIPS": null
    },
    "7": {
        "ingredients": [
            "10"
        ],
        "comments": "",
        "ADandTIPS": null
    },
    "8": {
        "ingredients": [
            "10",
            "16"
        ],
        "comments": "",
        "ADandTIPS": null
    },
    "9": {
        "ingredients": [
            "04",
            "10"
        ],
        "comments": "",
        "ADandTIPS": null
    },
    "10": {
        "ingredients": [
            "08",
            "09"
        ],
        "comments": "",
        "ADandTIPS": null
    },
    "11": {
        "ingredients": [
            "03"
        ],
        "comments": "",
        "ADandTIPS": null
    },
    "12": {
        "ingredients": [],
        "comments": "",
        "ADandTIPS": "on"
    },
    "13": {
        "ingredients": [
            "02",
            "05"
        ],
        "comments": "",
        "ADandTIPS": null
    },
    "14": {
        "ingredients": [
            "02",
            "05",
            "07"
        ],
        "comments": "",
        "ADandTIPS": null
    },
    "15": {
        "ingredients": [
            "02",
            "05",
            "06",
            "07"
        ],
        "comments": "",
        "ADandTIPS": null
    },
    "16": {
        "ingredients": [
            "02",
            "05",
            "06",
            "07",
            "08"
        ],
        "comments": "",
        "ADandTIPS": null
    },
    "17": {
        "ingredients": [
            "02",
            "03",
            "05",
            "06",
            "07",
            "08"
        ],
        "comments": "",
        "ADandTIPS": null
    },
    "18": {
        "ingredients": [
            "02",
            "03",
            "05",
            "06",
            "07",
            "08",
            "10"
        ],
        "comments": "",
        "ADandTIPS": null
    },
    "19": {
        "ingredients": [
            "02",
            "03",
            "05",
            "06",
            "07",
            "08",
            "10",
            "16",
            "21"
        ],
        "comments": "",
        "ADandTIPS": null
    },
    "20": {
        "ingredients": [
            "02",
            "03",
            "05",
            "06",
            "07",
            "08",
            "10",
            "16",
            "21"
        ],
        "comments": "",
        "ADandTIPS": null
    },
    "21": {
        "ingredients": [
            "02",
            "03",
            "05",
            "06",
            "07",
            "08",
            "09",
            "10",
            "16",
            "21"
        ],
        "comments": "",
        "ADandTIPS": null
    },
    "22": {
        "ingredients": [
            "01"
        ],
        "comments": "",
        "ADandTIPS": null
    },
    "23": {
        "ingredients": [
            "01"
        ],
        "comments": "",
        "ADandTIPS": null
    },
    "24": {
        "ingredients": [
            "02",
            "03",
            "05",
            "06",
            "07",
            "08",
            "09",
            "10",
            "12",
            "16",
            "21"
        ],
        "comments": "",
        "ADandTIPS": null
    },
    "25": {
        "ingredients": [
            "01",
            "02",
            "03",
            "05",
            "06",
            "07",
            "08",
            "09",
            "10",
            "12",
            "15",
            "16",
            "21"
        ],
        "comments": "",
        "ADandTIPS": null
    },
    "26": {
        "ingredients": [],
        "comments": "",
        "ADandTIPS": "on"
    },
    "27": {
        "ingredients": [],
        "comments": "",
        "ADandTIPS": "on"
    }
}