{
    "1": {
        "ingredients": [],
        "comments": "",
        "ADandTIPS": "on"
    },
    "2": {
        "ingredients": [
            "02"
        ],
        "comments": "",
        "ADandTIPS": null
    },
    "3": {
        "ingredients": [
            "01"
        ],
        "comments": "",
        "ADandTIPS": null
    },
    "4": {
        "ingredients": [
            "01",
            "02"
        ],
        "comments": "",
        "ADandTIPS": null
    },
    "5": {
        "ingredients": [
            "01",
            "02"
        ],
        "comments": "",
        "ADandTIPS": null
    }
}