{
    "1": {
        "ingredients": [
            "08",
            "09",
            "13"
        ],
        "comments": "",
        "ADandTIPS": null
    },
    "2": {
        "ingredients": [
            "08",
            "09",
            "13"
        ],
        "comments": "",
        "ADandTIPS": null
    },
    "3": {
        "ingredients": [
            "01",
            "02",
            "03",
            "04",
            "05",
            "06",
            "08",
            "09",
            "12",
            "13",
            "14",
            "24"
        ],
        "comments": "",
        "ADandTIPS": null
    },
    "4": {
        "ingredients": [
            "20"
        ],
        "comments": "",
        "ADandTIPS": null
    },
    "5": {
        "ingredients": [
            "01",
            "02",
            "03",
            "04",
            "05",
            "06",
            "08",
            "09",
            "12",
            "13",
            "14",
            "20",
            "24"
        ],
        "comments": "",
        "ADandTIPS": null
    },
    "6": {
        "ingredients": [
            "11"
        ],
        "comments": "",
        "ADandTIPS": null
    },
    "7": {
        "ingredients": [
            "15"
        ],
        "comments": "",
        "ADandTIPS": null
    },
    "8": {
        "ingredients": [
            "01",
            "02",
            "03",
            "04",
            "05",
            "06",
            "08",
            "09",
            "10",
            "11",
            "12",
            "13",
            "14",
            "15",
            "16",
            "17",
            "20",
            "21",
            "22",
            "24",
            "26"
        ],
        "comments": "",
        "ADandTIPS": null
    },
    "9": {
        "ingredients": [
            "01",
            "02",
            "03",
            "04",
            "05",
            "06",
            "08",
            "09",
            "10",
            "11",
            "12",
            "13",
            "14",
            "15",
            "16",
            "17",
            "18",
            "19",
            "20",
            "21",
            "22",
            "23",
            "24",
            "26"
        ],
        "comments": "",
        "ADandTIPS": null
    },
    "10": {
        "ingredients": [
            "01",
            "02",
            "03",
            "04",
            "05",
            "06",
            "08",
            "09",
            "10",
            "11",
            "12",
            "13",
            "14",
            "15",
            "16",
            "17",
            "18",
            "19",
            "20",
            "21",
            "22",
            "23",
            "24",
            "25",
            "26"
        ],
        "comments": "",
        "ADandTIPS": null
    },
    "11": {
        "ingredients": [
            "01",
            "02",
            "03",
            "04",
            "05",
            "06",
            "08",
            "09",
            "10",
            "11",
            "12",
            "13",
            "14",
            "15",
            "16",
            "17",
            "18",
            "19",
            "20",
            "21",
            "22",
            "23",
            "24",
            "25",
            "26",
            "27",
            "28"
        ],
        "comments": "",
        "ADandTIPS": null
    }
}