{
    "1": {
        "ingredients": [
            "06"
        ],
        "comments": "",
        "ADandTIPS": null
    },
    "2": {
        "ingredients": [
            "01"
        ],
        "comments": "油",
        "ADandTIPS": null
    },
    "3": {
        "ingredients": [
            "01",
            "02",
            "08"
        ],
        "comments": "油",
        "ADandTIPS": null
    },
    "4": {
        "ingredients": [
            "01",
            "02",
            "03",
            "07",
            "08"
        ],
        "comments": "",
        "ADandTIPS": null
    },
    "5": {
        "ingredients": [
            "01",
            "02",
            "03",
            "07",
            "08",
            "10",
            "11"
        ],
        "comments": "",
        "ADandTIPS": null
    }
}