{
    "1": {
        "ingredients": [
            "02"
        ],
        "comments": null
    },
    "2": {
        "ingredients": [
            "02",
            "04",
            "09"
        ],
        "comments": null
    },
    "3": {
        "ingredients": [
            "02",
            "04",
            "09"
        ],
        "comments": null
    },
    "4": {
        "ingredients": [
            "02",
            "04",
            "09"
        ],
        "comments": null
    },
    "5": {
        "ingredients": [
            "02",
            "04",
            "09"
        ],
        "comments": null
    },
    "6": {
        "ingredients": [
            "02",
            "04",
            "09"
        ],
        "comments": null
    },
    "7": {
        "ingredients": [],
        "comments": null
    }
}