{
    "1": {
        "ingredients": [
            "02",
            "09"
        ],
        "comments": "",
        "ADandTIPS": null
    },
    "2": {
        "ingredients": [
            "01"
        ],
        "comments": "",
        "ADandTIPS": null
    },
    "3": {
        "ingredients": [
            "03",
            "04",
            "05"
        ],
        "comments": "",
        "ADandTIPS": null
    },
    "4": {
        "ingredients": [
            "06"
        ],
        "comments": "",
        "ADandTIPS": null
    },
    "5": {
        "ingredients": [
            "12",
            "13",
            "14",
            "15"
        ],
        "comments": "",
        "ADandTIPS": null
    },
    "6": {
        "ingredients": [
            "01",
            "02",
            "03",
            "04",
            "05",
            "07",
            "08",
            "09",
            "12",
            "13",
            "14",
            "15"
        ],
        "comments": "",
        "ADandTIPS": null
    },
    "7": {
        "ingredients": [
            "06",
            "11"
        ],
        "comments": "",
        "ADandTIPS": null
    },
    "8": {
        "ingredients": [
            "01",
            "02",
            "03",
            "04",
            "05",
            "06",
            "07",
            "08",
            "09",
            "11",
            "12",
            "13",
            "14",
            "15"
        ],
        "comments": "",
        "ADandTIPS": null
    },
    "9": {
        "ingredients": [
            "01",
            "02",
            "03",
            "04",
            "05",
            "06",
            "07",
            "08",
            "09",
            "11",
            "12",
            "13",
            "14",
            "15"
        ],
        "comments": "",
        "ADandTIPS": null
    },
    "10": {
        "ingredients": [
            "01",
            "02",
            "03",
            "04",
            "05",
            "06",
            "07",
            "08",
            "09",
            "11",
            "12",
            "13",
            "14",
            "15"
        ],
        "comments": "ご飯",
        "ADandTIPS": null
    }
}