{
    "1": {
        "ingredients": [
            "01",
            "09"
        ],
        "comments": "",
        "ADandTIPS": null
    },
    "2": {
        "ingredients": [
            "01",
            "09"
        ],
        "comments": "",
        "ADandTIPS": null
    },
    "3": {
        "ingredients": [
            "01"
        ],
        "comments": "",
        "ADandTIPS": null
    },
    "4": {
        "ingredients": [
            "01",
            "02",
            "03",
            "04",
            "11"
        ],
        "comments": "",
        "ADandTIPS": null
    },
    "5": {
        "ingredients": [
            "01",
            "02",
            "03",
            "04",
            "06",
            "07",
            "08",
            "10",
            "11",
            "12"
        ],
        "comments": "",
        "ADandTIPS": null
    }
}