{
    "1": {
        "ingredients": [
            "09",
            "11",
            "15"
        ],
        "comments": "",
        "ADandTIPS": null
    },
    "2": {
        "ingredients": [
            "09",
            "11",
            "15",
            "23"
        ],
        "comments": "",
        "ADandTIPS": null
    },
    "3": {
        "ingredients": [
            "09",
            "10",
            "11",
            "12",
            "15",
            "23"
        ],
        "comments": "",
        "ADandTIPS": null
    },
    "4": {
        "ingredients": [
            "09",
            "10",
            "11",
            "12",
            "15",
            "16",
            "17",
            "23"
        ],
        "comments": "",
        "ADandTIPS": null
    },
    "5": {
        "ingredients": [
            "09",
            "10",
            "11",
            "12",
            "15",
            "16",
            "17",
            "23",
            "24"
        ],
        "comments": "",
        "ADandTIPS": null
    },
    "6": {
        "ingredients": [
            "18",
            "19",
            "20"
        ],
        "comments": "",
        "ADandTIPS": null
    },
    "7": {
        "ingredients": [],
        "comments": "",
        "ADandTIPS": "on"
    }
}