{
    "1": {
        "ingredients": [
            "02"
        ],
        "comments": "",
        "ADandTIPS": null
    },
    "2": {
        "ingredients": [
            "01",
            "02",
            "03",
            "04",
            "05",
            "06"
        ],
        "comments": "",
        "ADandTIPS": null
    },
    "3": {
        "ingredients": [
            "01",
            "02",
            "03",
            "04",
            "05",
            "06"
        ],
        "comments": "",
        "ADandTIPS": null
    },
    "4": {
        "ingredients": [
            "08",
            "09"
        ],
        "comments": "",
        "ADandTIPS": null
    },
    "5": {
        "ingredients": [
            "10",
            "12",
            "13",
            "14"
        ],
        "comments": "",
        "ADandTIPS": null
    }
}