{
    "1": {
        "ingredients": [
            "01"
        ],
        "comments": "",
        "ADandTIPS": null
    },
    "2": {
        "ingredients": [
            "01",
            "02",
            "03",
            "04"
        ],
        "comments": "",
        "ADandTIPS": null
    },
    "3": {
        "ingredients": [
            "01",
            "02",
            "03",
            "04"
        ],
        "comments": "",
        "ADandTIPS": null
    },
    "4": {
        "ingredients": [
            "01",
            "02",
            "03",
            "04"
        ],
        "comments": "油",
        "ADandTIPS": null
    },
    "5": {
        "ingredients": [
            "01",
            "02",
            "03",
            "04"
        ],
        "comments": "マヨネーズ；ケチャップ",
        "ADandTIPS": null
    }
}