{
    "1": {
        "ingredients": [
            "01",
            "02",
            "11",
            "03",
            "13",
            "04"
        ],
        "comments": "",
        "ADandTIPS": null
    },
    "2": {
        "ingredients": [
            "01",
            "02",
            "11",
            "03",
            "13",
            "04"
        ],
        "comments": "",
        "ADandTIPS": null
    },
    "3": {
        "ingredients": [
            "01",
            "02",
            "11",
            "03",
            "13",
            "04"
        ],
        "comments": "",
        "ADandTIPS": null
    },
    "4": {
        "ingredients": [
            "01",
            "02",
            "11",
            "03",
            "13",
            "04"
        ],
        "comments": "",
        "ADandTIPS": null
    },
    "5": {
        "ingredients": [
            "01",
            "02",
            "11",
            "03",
            "13",
            "04"
        ],
        "comments": "",
        "ADandTIPS": null
    },
    "6": {
        "ingredients": [
            "01",
            "02",
            "11",
            "03",
            "13",
            "04"
        ],
        "comments": "",
        "ADandTIPS": null
    },
    "7": {
        "ingredients": [
            "01",
            "02",
            "11",
            "03",
            "13",
            "04"
        ],
        "comments": "",
        "ADandTIPS": null
    },
    "8": {
        "ingredients": [
            "05"
        ],
        "comments": "海老かき揚げ",
        "ADandTIPS": null
    },
    "9": {
        "ingredients": [
            "01",
            "02",
            "11",
            "03",
            "13",
            "04"
        ],
        "comments": "",
        "ADandTIPS": null
    },
    "10": {
        "ingredients": [
            "01",
            "02",
            "11",
            "03",
            "13",
            "04"
        ],
        "comments": "海老かき揚げ",
        "ADandTIPS": null
    },
    "11": {
        "ingredients": [
            "06",
            "07",
            "08",
            "09"
        ],
        "comments": "",
        "ADandTIPS": null
    }
}