{
    "1": {
        "ingredients": [
            "09",
            "10",
            "11",
            "12"
        ],
        "comments": "",
        "ADandTIPS": null
    },
    "2": {
        "ingredients": [
            "14",
            "15",
            "05",
            "16",
            "17",
            "18",
            "19"
        ],
        "comments": "",
        "ADandTIPS": null
    },
    "3": {
        "ingredients": [
            "09",
            "10",
            "11",
            "12",
            "13",
            "14",
            "15",
            "05",
            "16",
            "17",
            "18",
            "19"
        ],
        "comments": "",
        "ADandTIPS": null
    },
    "4": {
        "ingredients": [
            "02",
            "03",
            "04",
            "05",
            "16",
            "06",
            "07",
            "20"
        ],
        "comments": "",
        "ADandTIPS": null
    },
    "5": {
        "ingredients": [
            "01",
            "02",
            "03",
            "04",
            "05",
            "16",
            "06",
            "07",
            "20",
            "08",
            "09",
            "10",
            "11",
            "12",
            "13",
            "14",
            "15",
            "05",
            "16",
            "17",
            "18",
            "19",
            "07",
            "20"
        ],
        "comments": "",
        "ADandTIPS": null
    },
    "6": {
        "ingredients": [
            "01",
            "02",
            "03",
            "04",
            "05",
            "16",
            "06",
            "07",
            "20",
            "08",
            "09",
            "10",
            "11",
            "12",
            "13",
            "14",
            "15",
            "05",
            "16",
            "17",
            "18",
            "19",
            "07",
            "20"
        ],
        "comments": "",
        "ADandTIPS": null
    },
    "7": {
        "ingredients": [
            "01",
            "02",
            "03",
            "04",
            "05",
            "16",
            "06",
            "07",
            "20",
            "08",
            "09",
            "10",
            "11",
            "12",
            "13",
            "14",
            "15",
            "05",
            "16",
            "17",
            "18",
            "19",
            "07",
            "20"
        ],
        "comments": "",
        "ADandTIPS": null
    },
    "8": {
        "ingredients": [
            "01",
            "02",
            "03",
            "04",
            "05",
            "16",
            "06",
            "07",
            "20",
            "08",
            "09",
            "10",
            "11",
            "12",
            "13",
            "14",
            "15",
            "05",
            "16",
            "17",
            "18",
            "19",
            "07",
            "20"
        ],
        "comments": "レタス\r\nタレ",
        "ADandTIPS": null
    }
}