{
    "1": {
        "ingredients": [
            "01"
        ],
        "comments": "",
        "ADandTIPS": null
    },
    "2": {
        "ingredients": [
            "01"
        ],
        "comments": "",
        "ADandTIPS": null
    },
    "3": {
        "ingredients": [
            "02",
            "04"
        ],
        "comments": "",
        "ADandTIPS": null
    },
    "4": {
        "ingredients": [
            "02",
            "04"
        ],
        "comments": "",
        "ADandTIPS": null
    },
    "5": {
        "ingredients": [
            "01",
            "02",
            "04",
            "12",
            "13"
        ],
        "comments": "",
        "ADandTIPS": null
    },
    "6": {
        "ingredients": [
            "01",
            "02",
            "04",
            "12",
            "13"
        ],
        "comments": "",
        "ADandTIPS": null
    },
    "7": {
        "ingredients": [
            "01",
            "02",
            "04",
            "12",
            "13"
        ],
        "comments": "",
        "ADandTIPS": null
    },
    "8": {
        "ingredients": [
            "05",
            "06",
            "07",
            "08",
            "09",
            "10",
            "14"
        ],
        "comments": "",
        "ADandTIPS": null
    },
    "9": {
        "ingredients": [
            "05",
            "06",
            "07",
            "08",
            "09",
            "10",
            "11",
            "14"
        ],
        "comments": "",
        "ADandTIPS": null
    },
    "10": {
        "ingredients": [
            "05",
            "06",
            "07",
            "08",
            "09",
            "10",
            "11",
            "14"
        ],
        "comments": "",
        "ADandTIPS": null
    },
    "11": {
        "ingredients": [
            "01",
            "02",
            "03",
            "04",
            "05",
            "06",
            "07",
            "08",
            "09",
            "10",
            "11",
            "12",
            "13",
            "14"
        ],
        "comments": "",
        "ADandTIPS": null
    },
    "12": {
        "ingredients": [
            "01",
            "02",
            "03",
            "04",
            "05",
            "06",
            "07",
            "08",
            "09",
            "10",
            "11",
            "12",
            "13",
            "14"
        ],
        "comments": "",
        "ADandTIPS": null
    }
}