{
    "1": {
        "ingredients": [
            "01",
            "14",
            "15"
        ],
        "comments": "",
        "ADandTIPS": null
    },
    "2": {
        "ingredients": [
            "01",
            "14",
            "15"
        ],
        "comments": "",
        "ADandTIPS": null
    },
    "3": {
        "ingredients": [
            "01"
        ],
        "comments": "",
        "ADandTIPS": null
    },
    "4": {
        "ingredients": [
            "09"
        ],
        "comments": "",
        "ADandTIPS": null
    },
    "5": {
        "ingredients": [
            "04",
            "06",
            "07",
            "09",
            "10",
            "11",
            "12"
        ],
        "comments": "",
        "ADandTIPS": null
    },
    "6": {
        "ingredients": [
            "01",
            "04",
            "06",
            "07",
            "09",
            "10",
            "11",
            "12"
        ],
        "comments": "",
        "ADandTIPS": null
    }
}