{
    "1": {
        "ingredients": [
            "06"
        ],
        "comments": "",
        "ADandTIPS": null
    },
    "2": {
        "ingredients": [
            "02",
            "05"
        ],
        "comments": "",
        "ADandTIPS": null
    },
    "3": {
        "ingredients": [
            "02",
            "05",
            "06"
        ],
        "comments": "",
        "ADandTIPS": null
    },
    "4": {
        "ingredients": [
            "02",
            "05",
            "06"
        ],
        "comments": "",
        "ADandTIPS": null
    },
    "5": {
        "ingredients": [
            "02",
            "05",
            "06",
            "12",
            "13",
            "14",
            "15"
        ],
        "comments": "",
        "ADandTIPS": null
    },
    "6": {
        "ingredients": [
            "10",
            "17",
            "11",
            "16",
            "10",
            "17",
            "18"
        ],
        "comments": "",
        "ADandTIPS": null
    },
    "7": {
        "ingredients": [
            "10",
            "17",
            "11",
            "13",
            "15",
            "16",
            "10",
            "17",
            "18"
        ],
        "comments": "",
        "ADandTIPS": null
    },
    "8": {
        "ingredients": [
            "10",
            "17",
            "11",
            "13",
            "15",
            "16",
            "10",
            "17",
            "18"
        ],
        "comments": "",
        "ADandTIPS": null
    },
    "9": {
        "ingredients": [
            "10",
            "17",
            "11",
            "13",
            "15",
            "16",
            "10",
            "17",
            "18"
        ],
        "comments": "",
        "ADandTIPS": null
    },
    "10": {
        "ingredients": [
            "11",
            "12",
            "13",
            "15",
            "16",
            "10",
            "17",
            "18"
        ],
        "comments": "",
        "ADandTIPS": null
    },
    "11": {
        "ingredients": [
            "08",
            "10",
            "17",
            "11",
            "12",
            "13",
            "15",
            "16",
            "10",
            "17",
            "18"
        ],
        "comments": "",
        "ADandTIPS": null
    }
}