{
    "1": {
        "ingredients": [
            "02",
            "03",
            "19"
        ],
        "comments": "",
        "ADandTIPS": null
    },
    "2": {
        "ingredients": [
            "02",
            "03",
            "19",
            "04"
        ],
        "comments": "",
        "ADandTIPS": null
    },
    "3": {
        "ingredients": [
            "02",
            "03",
            "19",
            "04"
        ],
        "comments": "",
        "ADandTIPS": null
    },
    "4": {
        "ingredients": [
            "02",
            "03",
            "19",
            "04"
        ],
        "comments": "",
        "ADandTIPS": null
    },
    "5": {
        "ingredients": [
            "10",
            "16",
            "11"
        ],
        "comments": "",
        "ADandTIPS": null
    },
    "6": {
        "ingredients": [
            "08",
            "09",
            "10",
            "16",
            "11"
        ],
        "comments": "",
        "ADandTIPS": null
    },
    "7": {
        "ingredients": [
            "08",
            "09",
            "10",
            "16",
            "11",
            "15"
        ],
        "comments": "",
        "ADandTIPS": null
    },
    "8": {
        "ingredients": [
            "01",
            "08",
            "09",
            "10",
            "16",
            "11"
        ],
        "comments": "",
        "ADandTIPS": null
    },
    "9": {
        "ingredients": [
            "06",
            "07",
            "08"
        ],
        "comments": "",
        "ADandTIPS": null
    },
    "10": {
        "ingredients": [
            "06",
            "07",
            "08",
            "10",
            "16",
            "11"
        ],
        "comments": "",
        "ADandTIPS": null
    },
    "11": {
        "ingredients": [
            "06",
            "07",
            "08",
            "10",
            "16",
            "11"
        ],
        "comments": "",
        "ADandTIPS": null
    },
    "12": {
        "ingredients": [
            "06",
            "07",
            "08",
            "10",
            "16",
            "11"
        ],
        "comments": "",
        "ADandTIPS": null
    },
    "13": {
        "ingredients": [
            "05",
            "06",
            "07",
            "08",
            "10",
            "16",
            "11"
        ],
        "comments": "",
        "ADandTIPS": null
    },
    "14": {
        "ingredients": [
            "15",
            "03",
            "19",
            "20"
        ],
        "comments": "",
        "ADandTIPS": null
    },
    "15": {
        "ingredients": [
            "10",
            "16",
            "11",
            "14",
            "15",
            "03",
            "19",
            "20"
        ],
        "comments": "",
        "ADandTIPS": null
    },
    "16": {
        "ingredients": [
            "05",
            "06",
            "08",
            "10",
            "16",
            "11",
            "14",
            "15",
            "03",
            "19",
            "20"
        ],
        "comments": "",
        "ADandTIPS": null
    },
    "17": {
        "ingredients": [],
        "comments": "食用バラ",
        "ADandTIPS": null
    }
}