{
    "1": {
        "ingredients": [
            "02",
            "03"
        ],
        "comments": "",
        "ADandTIPS": null
    },
    "2": {
        "ingredients": [
            "01"
        ],
        "comments": "塩胡椒;小麦粉",
        "ADandTIPS": null
    },
    "3": {
        "ingredients": [
            "01"
        ],
        "comments": "油;塩胡椒;小麦粉",
        "ADandTIPS": null
    },
    "4": {
        "ingredients": [
            "04"
        ],
        "comments": "バター",
        "ADandTIPS": null
    },
    "5": {
        "ingredients": [
            "03"
        ],
        "comments": "",
        "ADandTIPS": null
    },
    "6": {
        "ingredients": [
            "03",
            "04"
        ],
        "comments": "小麦粉;熱湯",
        "ADandTIPS": null
    },
    "7": {
        "ingredients": [
            "02",
            "03",
            "04"
        ],
        "comments": "小麦粉;熱湯",
        "ADandTIPS": null
    },
    "8": {
        "ingredients": [
            "01",
            "02",
            "03",
            "04"
        ],
        "comments": "小麦粉;熱湯",
        "ADandTIPS": null
    },
    "9": {
        "ingredients": [],
        "comments": "",
        "ADandTIPS": "on"
    }
}