{
    "1": {
        "ingredients": [
            "01",
            "02"
        ],
        "comments": "バター",
        "ADandTIPS": null
    },
    "2": {
        "ingredients": [
            "01",
            "02",
            "03",
            "04"
        ],
        "comments": "水;バター",
        "ADandTIPS": null
    },
    "3": {
        "ingredients": [
            "05"
        ],
        "comments": "塩コショウ;小麦粉;油",
        "ADandTIPS": null
    },
    "4": {
        "ingredients": [
            "01",
            "02",
            "03",
            "04",
            "06",
            "07"
        ],
        "comments": "砂糖;塩",
        "ADandTIPS": null
    },
    "5": {
        "ingredients": [
            "01",
            "02",
            "03",
            "04",
            "05",
            "06",
            "07"
        ],
        "comments": "砂糖;塩コショウ;小麦粉;油;水;バター",
        "ADandTIPS": null
    }
}