{
    "1": {
        "ingredients": [
            "03",
            "04",
            "05",
            "06",
            "09"
        ],
        "comments": "湯",
        "ADandTIPS": null
    },
    "2": {
        "ingredients": [
            "03",
            "04"
        ],
        "comments": "",
        "ADandTIPS": null
    },
    "3": {
        "ingredients": [
            "01",
            "02",
            "03",
            "04",
            "09"
        ],
        "comments": "",
        "ADandTIPS": null
    },
    "4": {
        "ingredients": [
            "01",
            "02",
            "03",
            "04",
            "06",
            "09"
        ],
        "comments": "",
        "ADandTIPS": null
    },
    "5": {
        "ingredients": [
            "01",
            "02",
            "03",
            "04",
            "05",
            "06",
            "09"
        ],
        "comments": "",
        "ADandTIPS": null
    },
    "6": {
        "ingredients": [
            "01",
            "02",
            "03",
            "04",
            "05",
            "06",
            "09"
        ],
        "comments": "",
        "ADandTIPS": null
    },
    "7": {
        "ingredients": [
            "01",
            "02",
            "03",
            "04",
            "05",
            "06",
            "07",
            "08"
        ],
        "comments": "",
        "ADandTIPS": null
    },
    "8": {
        "ingredients": [
            "01",
            "02",
            "03",
            "04",
            "05",
            "06",
            "07",
            "08",
            "09"
        ],
        "comments": "",
        "ADandTIPS": null
    },
    "9": {
        "ingredients": [],
        "comments": "",
        "ADandTIPS": "on"
    },
    "10": {
        "ingredients": [],
        "comments": "",
        "ADandTIPS": "on"
    },
    "11": {
        "ingredients": [],
        "comments": "",
        "ADandTIPS": "on"
    },
    "12": {
        "ingredients": [],
        "comments": "",
        "ADandTIPS": "on"
    }
}