{
    "1": {
        "ingredients": [
            "01"
        ],
        "comments": "",
        "ADandTIPS": null
    },
    "2": {
        "ingredients": [
            "01"
        ],
        "comments": "塩水",
        "ADandTIPS": null
    },
    "3": {
        "ingredients": [
            "06"
        ],
        "comments": "打ち粉",
        "ADandTIPS": null
    },
    "4": {
        "ingredients": [
            "06"
        ],
        "comments": "打ち粉",
        "ADandTIPS": null
    },
    "5": {
        "ingredients": [
            "02",
            "06"
        ],
        "comments": "",
        "ADandTIPS": null
    },
    "6": {
        "ingredients": [
            "01",
            "02",
            "06"
        ],
        "comments": "",
        "ADandTIPS": null
    },
    "7": {
        "ingredients": [
            "01",
            "02",
            "03",
            "06"
        ],
        "comments": "",
        "ADandTIPS": null
    },
    "8": {
        "ingredients": [
            "01",
            "02",
            "03",
            "06"
        ],
        "comments": "",
        "ADandTIPS": null
    },
    "9": {
        "ingredients": [
            "04",
            "05",
            "07"
        ],
        "comments": "",
        "ADandTIPS": null
    },
    "10": {
        "ingredients": [
            "01",
            "02",
            "03",
            "04",
            "05",
            "06",
            "07"
        ],
        "comments": "",
        "ADandTIPS": null
    }
}