{
    "1": {
        "ingredients": [
            "01",
            "04"
        ],
        "comments": "お湯",
        "ADandTIPS": null
    },
    "2": {
        "ingredients": [
            "02",
            "03"
        ],
        "comments": "塩",
        "ADandTIPS": null
    },
    "3": {
        "ingredients": [
            "02",
            "03",
            "04",
            "05"
        ],
        "comments": "",
        "ADandTIPS": null
    },
    "4": {
        "ingredients": [
            "01",
            "06",
            "07",
            "08",
            "09"
        ],
        "comments": "",
        "ADandTIPS": null
    },
    "5": {
        "ingredients": [
            "01",
            "02",
            "03",
            "04",
            "05",
            "06",
            "07",
            "08",
            "09"
        ],
        "comments": "",
        "ADandTIPS": null
    }
}