{
    "1": {
        "ingredients": [
            "01",
            "02"
        ],
        "comments": "",
        "ADandTIPS": null
    },
    "2": {
        "ingredients": [
            "01",
            "03"
        ],
        "comments": "",
        "ADandTIPS": null
    },
    "3": {
        "ingredients": [
            "01",
            "02",
            "03"
        ],
        "comments": "",
        "ADandTIPS": null
    },
    "4": {
        "ingredients": [
            "01",
            "02",
            "03",
            "06",
            "07",
            "08",
            "10"
        ],
        "comments": "",
        "ADandTIPS": null
    },
    "5": {
        "ingredients": [
            "01",
            "02",
            "03",
            "06",
            "07",
            "08",
            "10",
            "11"
        ],
        "comments": "",
        "ADandTIPS": null
    }
}