{
    "1": {
        "ingredients": [
            "01",
            "08"
        ],
        "comments": "",
        "ADandTIPS": null
    },
    "2": {
        "ingredients": [
            "02",
            "04",
            "05",
            "06",
            "07"
        ],
        "comments": "",
        "ADandTIPS": null
    },
    "3": {
        "ingredients": [
            "01"
        ],
        "comments": "ラダ油",
        "ADandTIPS": null
    },
    "4": {
        "ingredients": [
            "08",
            "09"
        ],
        "comments": "ラダ油",
        "ADandTIPS": null
    },
    "5": {
        "ingredients": [
            "02",
            "04",
            "05",
            "06",
            "07"
        ],
        "comments": "ラダ油",
        "ADandTIPS": null
    },
    "6": {
        "ingredients": [
            "02",
            "04",
            "05",
            "06",
            "07"
        ],
        "comments": "ラダ油",
        "ADandTIPS": null
    },
    "7": {
        "ingredients": [
            "02",
            "04",
            "05",
            "06",
            "07",
            "11",
            "12",
            "13",
            "14",
            "15",
            "16"
        ],
        "comments": "ラダ油",
        "ADandTIPS": null
    },
    "8": {
        "ingredients": [
            "01",
            "02",
            "04",
            "05",
            "06",
            "07",
            "08",
            "09",
            "11",
            "12",
            "13",
            "14",
            "15",
            "16"
        ],
        "comments": "ラダ油",
        "ADandTIPS": null
    },
    "9": {
        "ingredients": [
            "01",
            "02",
            "04",
            "05",
            "06",
            "07",
            "08",
            "09",
            "11",
            "12",
            "13",
            "14",
            "15",
            "16"
        ],
        "comments": "ラダ油",
        "ADandTIPS": null
    }
}