{
    "1": {
        "ingredients": [
            "01",
            "02"
        ],
        "comments": "",
        "ADandTIPS": null
    },
    "2": {
        "ingredients": [
            "02",
            "11"
        ],
        "comments": "油",
        "ADandTIPS": null
    },
    "3": {
        "ingredients": [
            "02",
            "11"
        ],
        "comments": "油",
        "ADandTIPS": null
    },
    "4": {
        "ingredients": [
            "01",
            "02",
            "11"
        ],
        "comments": "油",
        "ADandTIPS": null
    },
    "5": {
        "ingredients": [
            "01",
            "02",
            "06",
            "09",
            "11"
        ],
        "comments": "油",
        "ADandTIPS": null
    },
    "6": {
        "ingredients": [
            "01",
            "02",
            "03",
            "06",
            "09",
            "11"
        ],
        "comments": "ご飯",
        "ADandTIPS": null
    }
}