{
    "1": {
        "ingredients": [],
        "comments": "",
        "ADandTIPS": null
    },
    "2": {
        "ingredients": [
            "01"
        ],
        "comments": "",
        "ADandTIPS": null
    },
    "3": {
        "ingredients": [
            "02",
            "07"
        ],
        "comments": "湯",
        "ADandTIPS": null
    },
    "4": {
        "ingredients": [
            "01"
        ],
        "comments": "",
        "ADandTIPS": null
    },
    "5": {
        "ingredients": [
            "01",
            "04",
            "05"
        ],
        "comments": "",
        "ADandTIPS": null
    },
    "6": {
        "ingredients": [
            "01",
            "02",
            "04",
            "05",
            "07"
        ],
        "comments": "湯",
        "ADandTIPS": null
    },
    "7": {
        "ingredients": [
            "01",
            "02",
            "04",
            "05",
            "07"
        ],
        "comments": "",
        "ADandTIPS": null
    },
    "8": {
        "ingredients": [
            "01",
            "02",
            "04",
            "05",
            "07",
            "09"
        ],
        "comments": "",
        "ADandTIPS": null
    }
}