{
    "1": {
        "ingredients": [],
        "comments": "",
        "ADandTIPS": null
    },
    "2": {
        "ingredients": [],
        "comments": "",
        "ADandTIPS": null
    },
    "3": {
        "ingredients": [],
        "comments": "",
        "ADandTIPS": null
    },
    "4": {
        "ingredients": [],
        "comments": "",
        "ADandTIPS": null
    },
    "5": {
        "ingredients": [],
        "comments": "",
        "ADandTIPS": null
    },
    "6": {
        "ingredients": [],
        "comments": "",
        "ADandTIPS": null
    },
    "7": {
        "ingredients": [],
        "comments": "",
        "ADandTIPS": null
    },
    "8": {
        "ingredients": [],
        "comments": "",
        "ADandTIPS": null
    },
    "9": {
        "ingredients": [],
        "comments": "",
        "ADandTIPS": null
    }
}