{
    "1": {
        "ingredients": [],
        "comments": "",
        "ADandTIPS": null
    },
    "2": {
        "ingredients": [],
        "comments": "",
        "ADandTIPS": null
    },
    "3": {
        "ingredients": [],
        "comments": "",
        "ADandTIPS": null
    },
    "4": {
        "ingredients": [],
        "comments": "",
        "ADandTIPS": null
    },
    "5": {
        "ingredients": [],
        "comments": "",
        "ADandTIPS": null
    },
    "6": {
        "ingredients": [],
        "comments": "",
        "ADandTIPS": null
    },
    "7": {
        "ingredients": [],
        "comments": "",
        "ADandTIPS": null
    },
    "8": {
        "ingredients": [],
        "comments": "",
        "ADandTIPS": null
    },
    "9": {
        "ingredients": [],
        "comments": "",
        "ADandTIPS": null
    },
    "10": {
        "ingredients": [],
        "comments": "",
        "ADandTIPS": null
    },
    "11": {
        "ingredients": [],
        "comments": "",
        "ADandTIPS": null
    },
    "12": {
        "ingredients": [],
        "comments": "",
        "ADandTIPS": null
    },
    "13": {
        "ingredients": [],
        "comments": "",
        "ADandTIPS": null
    },
    "14": {
        "ingredients": [],
        "comments": "",
        "ADandTIPS": null
    },
    "15": {
        "ingredients": [],
        "comments": "",
        "ADandTIPS": null
    },
    "16": {
        "ingredients": [],
        "comments": "",
        "ADandTIPS": null
    },
    "17": {
        "ingredients": [],
        "comments": "",
        "ADandTIPS": null
    },
    "18": {
        "ingredients": [],
        "comments": "",
        "ADandTIPS": null
    },
    "19": {
        "ingredients": [],
        "comments": "",
        "ADandTIPS": null
    },
    "20": {
        "ingredients": [],
        "comments": "",
        "ADandTIPS": null
    },
    "21": {
        "ingredients": [],
        "comments": "",
        "ADandTIPS": null
    },
    "22": {
        "ingredients": [],
        "comments": "",
        "ADandTIPS": null
    },
    "23": {
        "ingredients": [],
        "comments": "",
        "ADandTIPS": null
    },
    "24": {
        "ingredients": [],
        "comments": "",
        "ADandTIPS": null
    }
}