{
    "1": {
        "ingredients": [
            "01",
            "02",
            "03",
            "04",
            "05",
            "06"
        ],
        "comments": "",
        "ADandTIPS": null
    },
    "2": {
        "ingredients": [
            "01",
            "02",
            "03",
            "04",
            "05",
            "06"
        ],
        "comments": "",
        "ADandTIPS": null
    },
    "3": {
        "ingredients": [
            "01",
            "02",
            "03",
            "04",
            "05",
            "06"
        ],
        "comments": "",
        "ADandTIPS": null
    },
    "4": {
        "ingredients": [
            "01",
            "02",
            "03",
            "04",
            "05",
            "06"
        ],
        "comments": "",
        "ADandTIPS": null
    },
    "5": {
        "ingredients": [
            "01",
            "02",
            "03",
            "04",
            "05",
            "06"
        ],
        "comments": "",
        "ADandTIPS": null
    },
    "6": {
        "ingredients": [
            "01",
            "02",
            "03",
            "04",
            "05",
            "06"
        ],
        "comments": "",
        "ADandTIPS": null
    },
    "7": {
        "ingredients": [
            "01",
            "02",
            "03",
            "04",
            "05",
            "06"
        ],
        "comments": "",
        "ADandTIPS": null
    },
    "8": {
        "ingredients": [
            "01",
            "02",
            "03",
            "04",
            "05",
            "06"
        ],
        "comments": "",
        "ADandTIPS": null
    },
    "9": {
        "ingredients": [
            "01",
            "02",
            "03",
            "04",
            "05",
            "06"
        ],
        "comments": "",
        "ADandTIPS": null
    }
}